{
 "fitted": "2026-06-11",
 "window_days": 1460,
 "xi": 0.0018,
 "adj": {
  "Mexico": -0.059541787931956636,
  "CoreaSur": 0.07028154734930897,
  "Sudafrica": -0.051563086698435984,
  "Chequia": 0.16571245973032045,
  "Suiza": 0.13167500064400361,
  "Canada": -0.1401517478752941,
  "Catar": 0.1568482902331621,
  "Bosnia": 0.00897574091034928,
  "Brasil": 0.2,
  "Marruecos": -0.2,
  "Haiti": 0.17772280140357286,
  "Escocia": 0.11967731411181626,
  "EEUU": 0.1972485451562302,
  "Paraguay": -0.1367138689737175,
  "Australia": -0.07286839666925327,
  "Turkiye": 0.16768597185432854,
  "Alemania": 0.2,
  "Curazao": 0.06704849089488332,
  "Ecuador": -0.2,
  "CostaMarfil": -0.19429717085314946,
  "PaisesBajos": 0.1645636063361825,
  "Suecia": 0.2,
  "Tunez": -0.10635997087758556,
  "Japon": -0.12820000144632626,
  "Belgica": 0.11365016360948943,
  "Egipto": -0.1992150614179483,
  "Iran": 0.05366482338456713,
  "NuevaZelanda": -0.054467887824546896,
  "Espana": 0.13763586648666248,
  "CaboVerde": 0.010238447591917612,
  "ArabiaSaudi": -0.07424498069536123,
  "Uruguay": -0.2,
  "Francia": 0.10828096649635033,
  "Senegal": 0.02704609097289723,
  "Iraq": -0.17774488984655484,
  "Noruega": 0.15201762229459148,
  "Argentina": -0.2,
  "Argelia": 0.003951624490544982,
  "Austria": -0.06360200340524869,
  "Jordania": 0.2,
  "Portugal": 0.1110752425644479,
  "RDCongo": -0.2,
  "Uzbekistan": -0.18554147665710377,
  "Colombia": 0.1543204862473181,
  "Inglaterra": -0.12009644791282104,
  "Croacia": 0.04890019261872758,
  "Ghana": -0.007625857018681846,
  "Panama": 0.11571752858572201
 }
}